{
    "5.1, 3.7, 1.5, 0.4": {
        "vizinho": [
            5.1,
            3.8,
            1.5,
            0.3
        ],
        "distancia": 0.14142135623730928,
        "classificao": "Iris-setosa\n"
    },
    "4.6, 3.6, 1.0, 0.2": {
        "vizinho": [
            4.6,
            3.4,
            1.4,
            0.3
        ],
        "distancia": 0.45825756949558394,
        "classificao": "Iris-setosa\n"
    },
    "5.1, 3.3, 1.7, 0.5": {
        "vizinho": [
            5.0,
            3.4,
            1.6,
            0.4
        ],
        "distancia": 0.1999999999999998,
        "classificao": "Iris-setosa\n"
    },
    "6.1, 2.9, 4.7, 1.4": {
        "vizinho": [
            6.1,
            3.0,
            4.6,
            1.4
        ],
        "distancia": 0.14142135623730995,
        "classificao": "Iris-versicolor\n"
    },
    "5.6, 2.9, 3.6, 1.3": {
        "vizinho": [
            5.8,
            2.7,
            3.9,
            1.2
        ],
        "distancia": 0.4242640687119284,
        "classificao": "Iris-versicolor\n"
    },
    "6.7, 3.1, 4.4, 1.4": {
        "vizinho": [
            6.6,
            3.0,
            4.4,
            1.4
        ],
        "distancia": 0.14142135623730995,
        "classificao": "Iris-versicolor\n"
    },
    "7.3, 2.9, 6.3, 1.8": {
        "vizinho": [
            7.4,
            2.8,
            6.1,
            1.9
        ],
        "distancia": 0.26457513110645936,
        "classificao": "Iris-virginica\n"
    },
    "6.7, 2.5, 5.8, 1.8": {
        "vizinho": [
            6.4,
            2.8,
            5.6,
            2.1
        ],
        "distancia": 0.5567764362830021,
        "classificao": "Iris-virginica\n"
    },
    "7.2, 3.6, 6.1, 2.5": {
        "vizinho": [
            6.8,
            3.2,
            5.9,
            2.3
        ],
        "distancia": 0.6324555320336759,
        "classificao": "Iris-virginica\n"
    }
}